pdb_position,chain,structure,pdb_aa,rsa
28,A,,M,0.9241071428571429
29,A,G,P,0.6729559748427673
30,A,G,L,0.5223880597014925
31,A,G,V,0.3620689655172414
32,A,T,V,0.5402298850574713
33,A,H,V,0.3793103448275862
34,A,H,L,0.05472636815920398
35,A,H,S,0.1935483870967742
36,A,H,T,0.436046511627907
37,A,H,I,0.22842639593908629
38,A,H,C,0.0658682634730539
39,A,H,L,0.5671641791044776
40,A,H,V,0.41379310344827586
41,A,H,T,0.0
42,A,H,V,0.28160919540229884
43,A,H,G,0.3269230769230769
44,A,H,L,0.25870646766169153
45,A,H,N,0.0
46,A,H,L,0.47761194029850745
47,A,H,L,0.21393034825870647
48,A,H,V,0.0
49,A,H,L,0.12935323383084577
50,A,H,Y,0.5817490494296578
51,A,H,A,0.023255813953488372
52,A,H,V,0.05747126436781609
53,A,H,R,0.5255474452554745
54,A,H,S,0.4129032258064516
55,A,,E,0.3273542600896861
56,A,S,R,0.7627737226277372
57,A,T,K,0.6228813559322034
58,A,T,L,0.0
59,A,,H,0.49107142857142855
60,A,,T,0.37790697674418605
61,A,G,V,0.1781609195402299
62,A,G,G,0.0
63,A,G,N,0.035897435897435895
64,A,H,L,0.208955223880597
65,A,H,Y,0.04182509505703422
66,A,H,I,0.005076142131979695
67,A,H,V,0.08620689655172414
68,A,H,S,0.03870967741935484
69,A,H,L,0.009950248756218905
70,A,H,S,0.0
71,A,H,V,0.26436781609195403
72,A,H,A,0.0
73,A,H,D,0.02072538860103627
74,A,H,L,0.1791044776119403
75,A,H,I,0.26903553299492383
76,A,I,V,0.028735632183908046
77,A,I,G,0.0
78,A,I,A,0.4418604651162791
79,A,I,V,0.25862068965517243
80,A,I,V,0.005747126436781609
81,A,H,M,0.0
82,A,H,P,0.29559748427672955
83,A,H,M,0.1875
84,A,H,N,0.05128205128205128
85,A,H,I,0.116751269035533
86,A,H,L,0.3681592039800995
87,A,H,Y,0.11787072243346007
88,A,H,L,0.417910447761194
89,A,H,L,0.5870646766169154
90,A,S,M,0.38839285714285715
91,A,S,S,0.5032258064516129
92,A,S,K,0.6949152542372882
93,A,,W,0.23508771929824562
94,A,S,S,0.535483870967742
95,A,S,L,0.0845771144278607
96,A,H,G,0.2980769230769231
97,A,H,R,0.583941605839416
98,A,H,P,0.6855345911949685
99,A,H,L,0.44776119402985076
100,A,H,C,0.023952095808383235
101,A,H,L,0.22388059701492538
102,A,H,F,0.5125
103,A,H,W,0.010526315789473684
104,A,H,L,0.03482587064676617
105,A,H,S,0.012903225806451613
106,A,H,M,0.07589285714285714
107,A,H,D,0.09844559585492228
108,A,H,Y,0.10646387832699619
109,A,H,V,0.005747126436781609
110,A,H,A,0.015503875968992248
111,A,H,S,0.15483870967741936
112,A,H,T,0.046511627906976744
113,A,H,A,0.015503875968992248
114,A,H,S,0.01935483870967742
115,A,H,I,0.015228426395939087
116,A,H,F,0.12083333333333333
117,A,H,S,0.0064516129032258064
118,A,H,V,0.005747126436781609
119,A,H,F,0.15416666666666667
120,A,H,I,0.17258883248730963
121,A,H,L,0.009950248756218905
122,A,H,C,0.005988023952095809
123,A,H,I,0.30456852791878175
124,A,H,D,0.02072538860103627
125,A,H,R,0.09124087591240876
126,A,H,Y,0.21292775665399238
127,A,H,R,0.08759124087591241
128,A,H,S,0.13548387096774195
129,A,H,V,0.11494252873563218
130,A,H,Q,0.5466666666666666
131,A,,Q,0.3466666666666667
132,A,S,P,0.6855345911949685
133,A,,L,0.6019900497512438
134,A,,R,0.20437956204379562
135,A,T,Y,0.6920152091254753
136,A,T,L,0.417910447761194
137,A,T,K,0.6059322033898306
138,A,T,Y,0.2661596958174905
139,A,S,R,0.28832116788321166
140,A,S,T,0.23837209302325582
141,A,H,K,0.652542372881356
142,A,H,T,0.5872093023255814
143,A,H,R,0.42700729927007297
144,A,H,A,0.0
145,A,H,S,0.32903225806451614
146,A,H,A,0.4728682170542636
147,A,H,T,0.313953488372093
148,A,H,I,0.18274111675126903
149,A,H,L,0.6766169154228856
150,A,H,G,0.36538461538461536
151,A,H,A,0.10852713178294573
152,A,H,W,0.17894736842105263
153,A,H,F,0.6208333333333333
154,A,H,L,0.472636815920398
155,A,H,S,0.0
156,A,G,F,0.4041666666666667
157,A,G,L,0.40298507462686567
158,A,G,W,0.05964912280701754
159,A,H,V,0.22413793103448276
160,A,H,I,0.5685279187817259
161,A,H,P,0.2389937106918239
162,A,H,I,0.02030456852791878
163,A,H,L,0.48258706467661694
164,A,,G,0.3076923076923077
165,A,,W,0.5157894736842106
166,A,,N,0.7076923076923077
167,A,,H,0.9017857142857143
175,A,,R,0.7700729927007299
176,A,,R,0.4708029197080292
177,A,S,E,0.7488789237668162
178,A,S,D,0.30569948186528495
179,A,S,K,0.13135593220338984
180,A,S,C,0.09580838323353294
181,A,,E,0.07623318385650224
182,A,,T,0.0
183,A,S,D,0.32124352331606215
184,A,,F,0.07083333333333333
185,A,T,Y,0.19391634980988592
186,A,T,D,0.5544041450777202
187,A,,V,0.27586206896551724
188,A,H,T,0.42441860465116277
189,A,H,W,0.5298245614035088
190,A,H,F,0.175
191,A,H,K,0.15254237288135594
192,A,H,V,0.3448275862068966
193,A,H,M,0.44642857142857145
194,A,H,T,0.12209302325581395
195,A,H,A,0.06201550387596899
196,A,I,I,0.4416243654822335
197,A,I,I,0.48223350253807107
198,A,I,N,0.1076923076923077
199,A,I,F,0.016666666666666666
200,A,I,Y,0.22433460076045628
201,A,H,L,0.43283582089552236
202,A,H,P,0.0440251572327044
203,A,H,T,0.05813953488372093
204,A,H,L,0.5970149253731343
205,A,H,L,0.3880597014925373
206,A,H,M,0.0
207,A,H,L,0.4427860696517413
208,A,H,W,0.5578947368421052
209,A,H,F,0.1875
210,A,H,Y,0.18631178707224336
211,A,H,A,0.5116279069767442
212,A,H,K,0.3389830508474576
213,A,H,I,0.01015228426395939
214,A,H,Y,0.44866920152091255
215,A,H,K,0.652542372881356
216,A,H,A,0.3643410852713178
217,A,S,V,0.05747126436781609
218,A,,R,0.5693430656934306
219,A,,Q,0.6
220,A,,H,0.49107142857142855
221,A,,C,0.844311377245509
405,A,,L,0.46766169154228854
406,A,,H,0.7008928571428571
407,A,,M,0.4642857142857143
408,A,H,N,0.4461538461538462
409,A,H,R,0.8175182481751825
410,A,H,E,0.23318385650224216
411,A,H,R,0.12408759124087591
412,A,H,K,0.3855932203389831
413,A,H,A,0.18604651162790697
414,A,H,A,0.06976744186046512
415,A,H,K,0.4110169491525424
416,A,H,Q,0.013333333333333334
417,A,H,L,0.0
418,A,H,G,0.1346153846153846
419,A,H,F,0.29583333333333334
420,A,H,I,0.0
421,A,H,M,0.049107142857142856
422,A,H,A,0.4418604651162791
423,A,H,A,0.09302325581395349
424,A,H,F,0.016666666666666666
425,A,H,I,0.16751269035532995
426,A,H,L,0.6368159203980099
427,A,H,C,0.029940119760479042
428,A,H,W,0.07017543859649122
429,A,H,I,0.34517766497461927
430,A,H,P,0.23270440251572327
431,A,H,Y,0.08745247148288973
432,A,H,F,0.13333333333333333
433,A,H,I,0.40609137055837563
434,A,H,F,0.09583333333333334
435,A,H,F,0.1125
436,A,H,M,0.5535714285714286
437,A,H,V,0.3505747126436782
438,A,H,I,0.22842639593908629
439,A,H,A,0.24031007751937986
440,A,H,F,0.8416666666666667
441,A,H,C,0.38323353293413176
442,A,S,K,0.3516949152542373
443,A,,N,0.4256410256410256
444,A,,C,0.4550898203592814
445,A,S,C,0.4251497005988024
446,A,,N,0.5794871794871795
447,A,T,E,0.28699551569506726
448,A,T,H,0.6607142857142857
449,A,T,L,0.27860696517412936
450,A,H,H,0.125
451,A,H,M,0.20089285714285715
452,A,H,F,0.44583333333333336
453,A,H,T,0.11627906976744186
454,A,H,I,0.12690355329949238
455,A,H,W,0.0035087719298245615
456,A,H,L,0.22388059701492538
457,A,H,G,0.028846153846153848
458,A,H,Y,0.026615969581749048
459,A,H,I,0.20812182741116753
460,A,H,N,0.005128205128205128
461,A,H,S,0.0064516129032258064
462,A,H,T,0.0872093023255814
463,A,H,L,0.3283582089552239
464,A,H,N,0.0
465,A,H,P,0.006289308176100629
466,A,H,L,0.48756218905472637
467,A,H,I,0.05583756345177665
468,A,H,Y,0.0
469,A,H,P,0.1761006289308176
470,A,H,L,0.5124378109452736
471,A,H,C,0.023952095808383235
472,A,,N,0.21025641025641026
473,A,H,E,0.4663677130044843
474,A,H,N,0.3384615384615385
475,A,H,F,0.0
476,A,H,K,0.3432203389830508
477,A,H,K,0.690677966101695
478,A,H,T,0.10465116279069768
479,A,H,F,0.0875
480,A,H,K,0.5042372881355932
481,A,H,R,0.22262773722627738
482,A,H,I,0.350253807106599
483,A,H,L,0.6467661691542289
484,A,T,H,0.7053571428571429
485,A,,I,0.9543147208121827
