pdb_position,chain,pdb_aa,aln_position,dN/dS,LRT,p-value,Total_branch_length,structure,rsa,wcn_sc,wcn_ca
28,A,M,39,0.5117731353976916,0.2071325641234409,0.6490242145526961,2.4694582043560667,,0.9241071428571428,0.37445751249700004,0.51661174177
29,A,P,40,9.555848176237971e-17,10.10698463889592,0.001477084403034068,0.6321194051802194,G,0.6729559748427673,0.45282604649700003,0.569351939266
30,A,L,41,0.1508741396080537,-0.1938099563822036,1.0,1.275287417080339,G,0.5223880597014925,0.635349148277,0.743448862617
31,A,V,42,0.09193025939308776,1.027696805692599,0.3107002363526564,0.6631488164992851,G,0.3620689655172414,0.601892073888,0.775040770606
32,A,V,43,0.09353290733813617,0.4021560388527163,0.5259778841375807,0.7331825788067091,T,0.5402298850574713,0.5808707363610001,0.7720973847660001
33,A,V,44,0.09284747616857623,-3.6065030011660535,1.0,0.536083788172272,H,0.3793103448275862,0.663375344231,0.815286610864
34,A,L,45,5.840566125974614e-16,4.9678617635456765,0.02582255143874346,0.513356150234208,H,0.05472636815920398,0.9068279357510001,0.9704670963779999
35,A,S,46,6.740639792367022e-18,7.233887001573148,0.007154014690756272,0.5491601926463855,H,0.1935483870967742,0.798905204226,0.960828824854
36,A,T,47,0.7614719299814908,-14.46864862707756,1.0,3.071860323015996,H,0.43604651162790703,0.672401441075,0.875340089256
37,A,I,48,0.3375917029240547,-0.04625875611250052,1.0,2.639096364671181,H,0.2284263959390863,0.898273812936,1.01477496912
38,A,C,49,0.095880549641809,0.4744020104587321,0.4909689780046912,0.9127052108950456,H,0.0658682634730539,1.0141685115299999,1.1295399955399998
39,A,L,50,3.17603086687411e-16,-3.24271395311137,1.0,0.194590609274748,H,0.5671641791044776,0.693563294727,0.950102437519
40,A,V,51,9.555848176237971e-17,2.632062392374582,0.1047256012529153,0.5616192034632205,H,0.4137931034482759,0.81745040109,0.991188395336
41,A,T,52,3.17603086687411e-16,-15.86986692723842,1.0,0.0928252693298316,H,0.0,1.19984156687,1.22621512071
42,A,V,53,9.555848176237971e-17,5.4020749523111125,0.02011282614731291,0.6829004714871374,H,0.28160919540229884,0.9000225249070001,1.08772626787
43,A,G,54,0.4937055953805327,-23.92122536003417,1.0,2.067768547088405,H,0.3269230769230769,0.855542785288,0.9909058968150001
44,A,L,55,0.1052829648435402,-6.305470525685455,1.0,1.7696767137936542,H,0.25870646766169153,0.931026712143,1.11036333176
45,A,N,56,0.0,0.0,1.0,0.0,H,0.0,1.21615274464,1.25468306419
46,A,L,57,0.2605765075976537,-1.2476041347880478,1.0,1.095013747570881,H,0.4776119402985074,0.792285125295,1.06927603518
47,A,L,58,9.555848176237971e-17,2.6218404635877985,0.1054021244285047,0.3219161388658783,H,0.21393034825870647,0.895439094348,1.0375389802
48,A,V,59,3.17603086687411e-16,1.909783084041564,0.1669873560913613,0.2009494694909187,H,0.0,1.13149364862,1.1568740126600001
49,A,L,60,3.17603086687411e-16,2.7084769217773186,0.09981625033946884,0.3845779823425542,H,0.12935323383084574,0.988432890192,1.07557205915
50,A,Y,61,0.2112633925572367,-5.113882750944676,1.0,1.0055222630362401,H,0.5817490494296578,0.611712496206,0.930276364058
51,A,A,62,9.555848176237971e-17,11.09030549710835,0.0008678018717442892,0.6303138363301248,H,0.02325581395348837,0.945927355025,1.01157535276
52,A,V,63,0.09402632331165266,3.9369557922696,0.04723618392827345,0.9503028579420336,H,0.057471264367816084,0.956526014351,1.02477854395
53,A,R,64,0.2291025561610403,-0.1524484068495866,1.0,1.494049740178362,H,0.5255474452554745,0.7573305500499999,0.822987323821
54,A,S,65,0.271720773169151,3.565521734662013,0.058991199846153426,1.985495641395564,H,0.4129032258064516,0.688143823845,0.7600765635169999
55,A,E,66,9.555848176237971e-17,4.056345090723397,0.04400564760714865,0.9265394001856192,,0.3273542600896861,0.6645545586330001,0.813256474545
56,A,R,67,0.3087322778383975,-11.560925867705732,1.0,1.2716940721280878,S,0.7627737226277372,0.437772145229,0.7105890764899999
57,A,K,68,4.004733053112191e-17,7.171230589819018,0.007408193960555031,0.6658848166427744,T,0.6228813559322034,0.568894106258,0.7562054378470001
58,A,L,69,1.0281458224475221e-15,-6.09003041972457,1.0,0.2048451598847617,T,0.0,0.928606240511,0.959915075026
59,A,H,70,0.08565789969097032,5.271625892749285,0.021675758195077718,1.1119182016687978,,0.4910714285714286,0.638555571287,0.886847116408
60,A,T,71,9.555848176237971e-17,2.293390414170986,0.1299258375194549,0.4094997445306607,,0.3779069767441861,0.87376704219,0.94951859426
61,A,V,72,0.0,0.0,1.0,0.0,G,0.1781609195402299,0.915491593102,1.0075197736100001
62,A,G,73,9.555848176237971e-17,13.8470732467046,0.0001983053560052905,0.9245640497791848,G,0.0,1.0857199336,1.1048902205700002
63,A,N,74,0.0,0.0,1.0,0.0,G,0.035897435897435895,1.05358865796,1.1606448162
64,A,L,75,3.17603086687411e-16,4.182414833320657,0.04084546242482945,0.4328192434680934,H,0.20895522388059698,0.946375371981,1.15073876123
65,A,Y,76,0.0,0.0,1.0,0.0,H,0.04182509505703422,1.10922647175,1.27602752371
66,A,I,77,9.555848176237971e-17,8.316932336677873,0.003927719719556855,0.5308636968432996,H,0.005076142131979695,1.1738322032600002,1.2743901009899998
67,A,V,78,0.1909571455353316,0.09602900627046296,0.7566480504191394,1.1422389933095878,H,0.08620689655172414,1.03159728861,1.2222008420000001
68,A,S,79,0.0,0.0,1.0,0.0,H,0.03870967741935484,1.18600402236,1.25157575545
69,A,L,80,9.555848176237971e-17,3.510624131667193,0.060976480406244586,0.2899732819583595,H,0.009950248756218905,1.30532670779,1.3756619112700001
70,A,S,81,5.840566125974614e-16,2.145033494348795,0.1430319148591497,0.4233167167156933,H,0.0,1.1970401290200001,1.33304609395
71,A,V,82,0.09238153296419148,1.7759202462481982,0.1826510958252692,1.286796019060013,H,0.26436781609195403,1.0272212946200001,1.215436861
72,A,A,83,9.555848176237971e-17,3.540331321047162,0.059893496251007476,0.2748593168509094,H,0.0,1.3347060451600001,1.34368206331
73,A,D,84,4.004733053112191e-17,6.745908830790281,0.009396289924987977,0.4753214943540414,H,0.02072538860103627,1.36266919116,1.3917000359099998
74,A,L,85,0.1510068152385819,-1.8275589450231418,1.0,0.7639006553302485,H,0.1791044776119403,1.0066103639200001,1.2738432303899998
75,A,I,86,9.555848176237971e-17,4.879368866533653,0.027179555480802968,0.4097625418549286,H,0.26903553299492383,1.04729333124,1.19425681343
76,A,V,87,9.555848176237971e-17,5.2904469314412195,0.02144271631900019,0.7313287830275573,I,0.02873563218390805,1.3084253104899999,1.32809151093
77,A,G,88,5.840566125974614e-16,-6.762326061260027,1.0,0.1824015549492164,I,0.0,1.20152378763,1.27670053423
78,A,A,89,0.1741596447084205,3.153981359624837,0.07574194962478188,1.421880891367864,I,0.4418604651162791,0.9202620756190001,1.05303380084
79,A,V,90,0.5015962700441342,0.5440492719656049,0.46075940476622296,2.922674713327079,I,0.25862068965517243,0.945167545533,1.07668286269
80,A,V,91,9.555848176237971e-17,0.8985393778049621,0.3431736598027932,1.195735869629283,I,0.005747126436781609,1.18166618961,1.21689426972
81,A,M,92,0.0,0.0,1.0,0.0,H,0.0,1.19998299531,1.19690672483
82,A,P,93,9.555848176237971e-17,1.5238641710272631,0.2170356643154696,0.09181740493849208,H,0.29559748427672955,0.920428007037,1.0214391013200002
83,A,M,94,0.235860902903075,0.07839528524202423,0.7794839643354731,0.9890293518924116,H,0.1875,0.8884916393119999,1.02590421281
84,A,N,95,0.08113248359649193,0.942530377957187,0.3316279417476767,0.620893191530497,H,0.05128205128205128,1.01626986972,1.08681474866
85,A,I,96,0.09097852675925218,0.1979080964211235,0.6564146952146308,0.5347800965825072,H,0.116751269035533,0.884368405008,1.00474956831
86,A,L,97,0.2373838875800073,-1.697254594232525,1.0,1.1026779443703807,H,0.3681592039800995,0.717382016904,0.9195276036200001
87,A,Y,98,9.555848176237971e-17,5.3360123382385725,0.02088920463219324,0.4535786634717503,H,0.11787072243346007,0.851602861335,0.968863179312
88,A,L,99,9.555848176237971e-17,0.5561150773372745,0.45582978579696504,0.2375454503399398,H,0.41791044776119396,0.794897988844,0.874892491812
89,A,L,100,1.3814685608560648,2.70786787088403,0.099854370378483,5.832567530375575,H,0.5870646766169154,0.568420668986,0.7531707987720001
90,A,M,101,0.6016608121004886,-0.4262400119424186,1.0,3.680464237781867,S,0.3883928571428572,0.554847714688,0.7321819931119999
91,A,S,102,0.5360167109893804,-0.2008871017901299,1.0,2.814435045727414,S,0.5032258064516129,0.550120582564,0.729439295746
92,A,K,103,1.220127130815948,0.03493882285563643,0.851723910583823,5.584736408843255,S,0.6949152542372882,0.46483371126100004,0.714708732088
93,A,W,104,0.1172605125801454,-0.5818012096243983,1.0,1.97876906957218,,0.2350877192982456,0.7338502515209999,0.81062091642
94,A,S,105,0.5458648225281524,-3.1950459187658415,1.0,2.232632331288065,S,0.535483870967742,0.5790423726030001,0.677965363742
95,A,L,106,9.555848176237971e-17,3.861142474156708,0.049416668034165216,0.7504657915788682,S,0.0845771144278607,0.8622541112919999,0.7972914337970001
96,A,G,107,0.2511402957621067,-1.647104242838729,1.0,1.2556099025495089,H,0.2980769230769231,0.628427020285,0.717481447281
97,A,R,108,0.1843428485146573,1.263616144017519,0.2609677122343911,1.2452536164581058,H,0.583941605839416,0.57251806765,0.718575835196
98,A,P,109,0.2934090171572994,0.8510782437544364,0.3562474867764178,1.7828675253696418,H,0.6855345911949685,0.539288792227,0.719564724969
99,A,L,110,0.1042159078546201,-3.2836667296564417,1.0,1.126646644731392,H,0.4477611940298508,0.667561902007,0.8590361778460001
100,A,C,111,4.004733053112191e-17,1.8939181090375141,0.1687606590153022,0.1000760252117195,H,0.02395209580838324,0.958470144632,0.990284219465
101,A,L,112,0.1050256668236567,0.1576493639275185,0.6913299757254012,0.4917022978784436,H,0.22388059701492535,0.759752318419,0.966522119064
102,A,F,113,9.555848176237971e-17,-6.950294219636768,1.0,0.1006833627717175,H,0.5125,0.7693860491869999,0.9928673829539999
103,A,W,114,0.0,0.0,1.0,0.0,H,0.010526315789473684,1.04243078706,1.1171782262999999
104,A,L,115,9.555848176237971e-17,7.178049858971982,0.007380088236005111,0.5319361285659406,H,0.03482587064676617,1.00270136484,1.13104092252
105,A,S,116,9.555848176237971e-17,6.444376420000694,0.011130410418682679,0.4625464254858933,H,0.012903225806451613,0.994146653294,1.1545820017100001
106,A,M,117,0.0,0.0,1.0,0.0,H,0.07589285714285714,0.994245218812,1.18736019889
107,A,D,118,4.004733053112191e-17,3.6282165107144984,0.056807662170436875,0.2959927566499975,H,0.09844559585492227,1.1451665315100001,1.23981815974
108,A,Y,119,5.840566125974614e-16,-9.032391444746573,1.0,0.09073479508325512,H,0.1064638783269962,1.06881406277,1.21587799941
109,A,V,120,9.555848176237971e-17,2.1315540485506332,0.14429439906705202,0.6283452035785544,H,0.005747126436781609,1.07631239943,1.26472053524
110,A,A,121,4.004733053112191e-17,0.9780184600564716,0.3226885066195262,0.08958648146703882,H,0.015503875968992246,1.2491070095299999,1.3370964047
111,A,S,122,4.004733053112191e-17,3.6205847539324667,0.057068811166119726,0.1706431810631928,H,0.15483870967741936,1.2255214189299999,1.32149928202
112,A,T,123,1.0281458224475221e-15,-3.58513454789761,1.0,0.1647766882164569,H,0.04651162790697674,1.16607498924,1.29933774176
113,A,A,124,9.555848176237971e-17,9.641170042183305,0.0019026399995283327,0.5719348052085256,H,0.015503875968992246,1.2875630727200003,1.35733473979
114,A,S,125,4.004733053112191e-17,5.60234201431658,0.01793648469880538,0.736834118648885,H,0.01935483870967742,1.3497142501800001,1.39477555766
115,A,I,126,4.004733053112191e-17,2.805712898170999,0.09392908385523537,0.1922969101733865,H,0.015228426395939087,1.16346368542,1.31407986142
116,A,F,127,9.555848176237971e-17,3.9992436515919536,0.0455206867102308,0.2857408401563471,H,0.12083333333333332,1.0670204463500002,1.2985757656
117,A,S,128,9.555848176237971e-17,8.827289957262577,0.002967587620676282,0.4308888848850772,H,0.0064516129032258064,1.27039776846,1.36156654852
118,A,V,129,4.004733053112191e-17,2.615694572246792,0.1058111860218519,0.5048122030955308,H,0.005747126436781609,1.21486323356,1.32849068775
119,A,F,130,9.555848176237971e-17,0.466939460431437,0.4943985395892235,0.0918300390613741,H,0.15416666666666667,0.9742516452969999,1.24476909135
120,A,I,131,9.555848176237971e-17,3.435574207201292,0.06380640147466221,0.2082151513978723,H,0.17258883248730966,1.03758151526,1.20541368302
121,A,L,132,0.4223198726955668,-14.320940155561768,1.0,1.805862648352452,H,0.009950248756218905,1.17645948159,1.27054849031
122,A,C,133,4.004733053112191e-17,7.829346020839394,0.005140469532700642,1.12590966240441,H,0.00598802395209581,1.0567885634899998,1.22161141573
123,A,I,134,9.555848176237971e-17,2.5568238229767393,0.109819016945948,0.1819855785713381,H,0.3045685279187817,0.876858334632,1.08516967509
124,A,D,135,9.555848176237971e-17,4.375502512157617,0.03645907854746122,0.2837593487023229,H,0.02072538860103627,1.05174303699,1.11288568158
125,A,R,136,6.740639792367022e-18,2.884805733722192,0.08941879085876014,0.4707208441547328,H,0.09124087591240876,1.0968831302,1.1396120924600002
126,A,Y,137,4.004733053112191e-17,-0.2970353389288896,1.0,0.0848553575851324,H,0.2129277566539924,0.777006848477,1.0637864566700002
127,A,R,138,4.004733053112191e-17,4.197743997048788,0.04047779515581218,0.2375454503399395,H,0.08759124087591241,0.859212569519,0.944075577699
128,A,S,139,9.555848176237971e-17,4.08023328690075,0.0433876681190386,0.2630432366091885,H,0.13548387096774195,0.899638021736,0.9911075563700001
129,A,V,140,0.09357934055776347,0.4739197161179263,0.4911894211889015,0.6032199288146437,H,0.11494252873563217,0.8531987896719999,0.937097672599
130,A,Q,141,6.740639792367022e-18,2.756941073455577,0.0968332284550386,0.290643926766177,H,0.5466666666666666,0.632538653679,0.7868078504639999
131,A,Q,142,5.1149560777373416e-17,0.7829876484208533,0.37622896540686696,0.1165633239622525,,0.3466666666666667,0.581425171955,0.744832727578
132,A,P,143,4.004733053112191e-17,3.751504087377793,0.05276001525002205,0.237117437683779,S,0.6855345911949685,0.55776004255,0.7222806300519999
133,A,L,144,0.0,0.0,1.0,0.0,,0.6019900497512438,0.440389798183,0.633168532738
134,A,R,145,0.1877991909152834,-8.062787521561331,1.0,0.8978671739813775,,0.2043795620437956,0.731983248002,0.7468048611220001
135,A,Y,146,0.0,0.0,1.0,0.0,T,0.6920152091254753,0.40523856737899994,0.624383039151
136,A,L,147,3.17603086687411e-16,6.314923306655679,0.01197259239176129,0.7225773206155471,T,0.41791044776119396,0.529209217622,0.5911441320549999
137,A,K,148,0.3969862164888543,-0.2098465043513187,1.0,2.021039778329311,T,0.6059322033898306,0.46733622827200005,0.683527186962
138,A,Y,149,9.555848176237971e-17,1.661271260189018,0.1974317683177642,0.6240641842907705,T,0.2661596958174905,0.7226293365009999,0.823014970115
139,A,R,150,3.17603086687411e-16,-16.84817252011861,1.0,0.0953312674988028,S,0.2883211678832117,0.9145905782200001,0.8890701356899999
140,A,T,151,0.0,0.0,1.0,0.0,S,0.23837209302325585,0.6540511603670001,0.860257075553
141,A,K,152,6.740639792367022e-18,3.832724104451158,0.05026118278914249,0.7415648138889359,H,0.652542372881356,0.604871948798,0.852422907083
142,A,T,153,2.7319416570240466e-16,-0.7148127505307471,1.0,0.0967440755196462,H,0.5872093023255814,0.5685149266089999,0.753811890596
143,A,R,154,3.17603086687411e-16,2.572197316125859,0.1087565721491232,0.2787059076276783,H,0.42700729927007297,0.661033719061,0.893956496833
144,A,A,155,9.555848176237971e-17,8.264248655583168,0.004043339123796286,0.462644080673009,H,0.0,0.9632665587479999,1.04826757065
145,A,S,156,0.3088404121214438,-8.254895529763813,1.0,1.640528641249275,H,0.3290322580645161,0.7940950825319999,0.960129125071
146,A,A,157,0.7507883404469978,-0.3288497000479822,1.0,4.174642218996818,H,0.4728682170542636,0.7041788532050001,0.878053588105
147,A,T,158,5.1149560777373416e-17,1.533667898844584,0.2155627922218416,0.9708432735976964,H,0.313953488372093,0.8821554232179999,1.0105539212
148,A,I,159,5.1149560777373416e-17,1.458311054406934,0.2271990409879941,0.0875927748880632,H,0.18274111675126906,0.991698782328,1.11926270152
149,A,L,160,0.1409113510728762,-26.770807721562253,1.0,0.6339757453802387,H,0.6766169154228856,0.672288312643,0.955326068203
150,A,G,161,0.2525174275509783,4.603254983978516,0.03191131430948047,2.1391866932611867,H,0.36538461538461536,0.793838598272,0.9292376986249999
151,A,A,162,0.08211549370964047,0.1030293188420508,0.7482241798188691,1.05354505497031,H,0.10852713178294572,1.0387612851399999,1.11234751669
152,A,W,163,0.0,0.0,1.0,0.0,H,0.17894736842105266,1.0690949884799998,1.10022532862
153,A,F,164,0.1926648498187086,-1.513732423367664,1.0,0.9048536899659524,H,0.6208333333333333,0.6247138907509999,0.9319074449429999
154,A,L,165,0.2223535593442008,-1.650436347640714,1.0,1.215255548855605,H,0.4726368159203979,0.812015552349,0.973771969123
155,A,S,166,0.2022880325774241,1.752771582208979,0.1855286849986016,1.449193627338675,H,0.0,1.13701456409,1.17882246049
156,A,F,167,0.1913158527621114,0.6662992029560613,0.4143448565210487,1.240603156341805,G,0.4041666666666667,0.8585614151469999,1.0315477924
157,A,L,168,4.730343101349461e-16,5.278354752808441,0.02159214180031011,0.6869342765117078,G,0.4029850746268657,0.726463380908,0.929988554162
158,A,W,169,0.0,0.0,1.0,0.0,G,0.059649122807017535,1.0319693914,1.0582466502299999
159,A,V,170,0.5863624765362658,-4.331437486079992,1.0,2.640927950803268,H,0.2241379310344828,0.8609166988979999,0.974764349018
160,A,I,171,9.555848176237971e-17,11.45837846089066,0.0007117237679054034,1.015513891105373,H,0.5685279187817259,0.6513351987439999,0.8317354115700001
161,A,P,172,9.555848176237971e-17,6.555333350533901,0.01045702470094723,0.4028639011721595,H,0.2389937106918239,0.811442478936,0.890230111977
162,A,I,173,9.555848176237971e-17,6.032534260724567,0.01404455496097212,0.3778559369479688,H,0.02030456852791878,0.951605465798,0.966773529559
163,A,L,174,0.4300121240977186,-16.68201148785111,1.0,1.9237981227114591,H,0.482587064676617,0.640636397723,0.776270689624
164,A,G,175,0.1531912139350974,6.076273157229551,0.01370095163391982,1.9979083672383031,,0.3076923076923077,0.6712688235500001,0.755193752928
165,A,W,176,0.0,0.0,1.0,0.0,,0.5157894736842106,0.536778425931,0.654009964447
166,A,N,177,0.6228795567429974,0.7287029283361619,0.3933039432846746,2.8920812660468034,,0.7076923076923077,0.43100832318300003,0.526882856558
167,A,H,178,0.5067384660054386,-0.00517614039529235,1.0,2.6047596595569,,0.9017857142857144,0.458341412599,0.505902876235
175,A,R,186,1.8521974952394318,-0.4206885580688038,1.0,9.47095668741134,,0.7700729927007299,0.510628089661,0.599616573539
176,A,R,187,0.4479957793180379,-0.1733084024421743,1.0,3.6890382274256086,,0.4708029197080292,0.6449639950289999,0.712072727412
177,A,E,188,0.8005670762496407,0.04198892128464138,0.8376408918384308,3.914554395835706,S,0.7488789237668162,0.5538980535679999,0.752454630909
178,A,D,189,0.2414523447582492,0.6662092093296721,0.414376379450801,1.969652496415746,S,0.3056994818652849,0.85573508387,0.884044486885
179,A,K,190,0.0853138775720066,-0.921209756918234,1.0,0.7152487706870364,S,0.13135593220338984,0.9950598328679999,0.966443814783
180,A,C,191,2.7319416570240466e-16,0.02205718736419016,0.881935068033613,0.09611503930011316,S,0.09580838323353294,1.0150852555399998,0.94730525799
181,A,E,192,0.0,0.0,1.0,0.0,,0.07623318385650224,0.817558603137,0.935452424748
182,A,T,193,5.1149560777373416e-17,3.4783322145204068,0.06217737533702805,0.2374838496409777,,0.0,0.974702150115,0.983819114913
183,A,D,194,9.555848176237971e-17,2.744091536746044,0.0976145413332694,0.1454247820611888,S,0.3212435233160621,0.7160826977150001,0.857966665411
184,A,F,195,9.555848176237971e-17,2.592008921203,0.1074040315232782,0.1837440338930314,,0.07083333333333333,0.914600674327,0.8815132319519999
185,A,Y,196,9.555848176237971e-17,-4.4204678616294615,1.0,0.1042525591645683,T,0.19391634980988592,0.755010906815,0.895313646346
186,A,D,197,0.1878987659809687,1.1293664313897052,0.2879105206102156,1.2166371688610242,T,0.5544041450777202,0.577373469344,0.7474066279770001
187,A,V,198,0.0,0.0,1.0,0.0,,0.27586206896551724,0.658119922661,0.7987363579160001
188,A,T,199,5.1149560777373416e-17,6.680140399804987,0.00974929451617268,0.4562972488757422,H,0.4244186046511628,0.64568059718,0.8359263283730001
189,A,W,200,0.0,0.0,1.0,0.0,H,0.5298245614035088,0.5508280381499999,0.742609020155
190,A,F,201,0.0,0.0,1.0,0.0,H,0.175,0.817114852658,0.857309115572
191,A,K,202,9.555848176237971e-17,4.469323126825363,0.034508659657477285,0.2698605874506586,H,0.15254237288135594,0.882870870345,0.985253294282
192,A,V,203,0.8328186899802876,0.5381840876951998,0.4631862752383983,3.37658937792692,H,0.3448275862068966,0.716137383063,0.939495460616
193,A,M,204,0.0,0.0,1.0,0.0,H,0.44642857142857145,0.656170650897,0.884147154533
194,A,T,205,5.840566125974614e-16,13.60917151011436,0.00022508319887692968,0.8579852209803943,H,0.12209302325581395,0.9392836988500001,1.0175026918799999
195,A,A,206,5.1149560777373416e-17,2.609668873429083,0.1062139382644728,0.7087093427528155,H,0.062015503875968984,0.927679077093,1.0748214047799998
196,A,I,207,9.555848176237971e-17,0.3292219550406763,0.5661175887071883,0.08461834186793094,I,0.4416243654822335,0.7342024593359999,1.01730545459
197,A,I,208,9.555848176237971e-17,2.680559758670018,0.1015800171016055,0.1977031525203796,I,0.4822335025380711,0.7670147318880001,0.961246233947
198,A,N,209,0.0,0.0,1.0,0.0,I,0.1076923076923077,1.02348176604,1.10648838225
199,A,F,210,9.555848176237971e-17,0.7066655638963653,0.400552991301443,0.0987195454157762,I,0.016666666666666666,1.08508076625,1.1501126231399998
200,A,Y,211,4.004733053112191e-17,2.369519100346629,0.1237251603795209,0.2119831466824057,I,0.22433460076045628,0.855818406159,1.0214713241
201,A,L,212,9.555848176237971e-17,3.402236300575076,0.06510809359387526,0.3533467176857521,H,0.4328358208955224,0.742414837162,0.960753372744
202,A,P,213,9.555848176237971e-17,5.082637652701706,0.02416657866886629,0.4205975718179189,H,0.0440251572327044,1.0066123593,1.0913715349600002
203,A,T,214,9.555848176237971e-17,2.697546155811999,0.1005028227954382,0.1834918093139263,H,0.05813953488372092,0.9816916791920001,1.10222699028
204,A,L,215,0.4558281963497097,-4.750710136431117,1.0,2.01603101164759,H,0.5970149253731343,0.674928183635,0.938461467603
205,A,L,216,9.555848176237971e-17,7.928935191750232,0.004865041882047727,0.8811029724490066,H,0.3880597014925373,0.737506948785,0.953365694265
206,A,M,217,0.0,0.0,1.0,0.0,H,0.0,1.09422312796,1.12650140753
207,A,L,218,5.840566125974614e-16,5.755967127331972,0.01643274736540123,0.4369190200867617,H,0.4427860696517413,0.800906462381,1.0068554088
208,A,W,219,0.0,0.0,1.0,0.0,H,0.5578947368421052,0.581932636934,0.8837356871940001
209,A,F,220,4.004733053112191e-17,5.5515710561014115,0.01846410687309374,0.4398082712321568,H,0.1875,0.809579289058,0.991619395309
210,A,Y,221,2.7319416570240466e-16,-2.149439856432146,1.0,0.2070164788494024,H,0.18631178707224336,0.9405152304350001,1.07265773376
211,A,A,222,0.8051967100289962,0.066600099500846,0.7963529220581689,3.704720043902002,H,0.5116279069767442,0.659602812066,0.880048100538
212,A,K,223,0.1969741731592359,-0.6749505147463211,1.0,1.752603988222596,H,0.3389830508474576,0.632193465322,0.874988449931
213,A,I,224,6.740639792367022e-18,3.025031127746665,0.08198874766249076,0.3014687215434121,H,0.01015228426395939,0.93014904784,1.01354110501
214,A,Y,225,5.1149560777373416e-17,1.3447413944935411,0.2461995414553362,0.09591276059568506,H,0.44866920152091255,0.6464321792409999,0.9119349221940001
215,A,K,226,0.1711106187492647,-1.1481236177485672,1.0,0.7669289902279576,H,0.652542372881356,0.48779547377099997,0.768211774858
216,A,A,227,3.17603086687411e-16,1.515538878384973,0.2182958442635632,0.2921193560190404,H,0.3643410852713178,0.713165592903,0.783640588263
217,A,V,228,3.17603086687411e-16,8.968991931494045,0.002746000628584766,0.6498653436597467,S,0.057471264367816084,0.7831126728919999,0.817639325023
218,A,R,229,0.4184545199661124,0.3145058995916941,0.5749282581774959,2.561873297379111,,0.5693430656934306,0.517624731525,0.702866616899
219,A,Q,230,0.3697040168910513,0.2589740385937063,0.6108258816690855,2.08009900380625,,0.6,0.405955095246,0.574190912
220,A,H,231,9.555848176237971e-17,8.866453095260738,0.002904589481937614,0.6557109132467168,,0.4910714285714286,0.559268734639,0.551223071868
221,A,C,232,2.7319416570240466e-16,5.554395729455607,0.01843433541252082,0.2959176497062629,,0.844311377245509,0.370760711806,0.41591847155199996
405,A,L,425,0.1457403935854849,-1.1124626959597281,1.0,0.8933056902856058,,0.4676616915422885,0.536955850691,0.49941518056999995
406,A,H,426,0.08750116773750377,1.467204562472524,0.2257872692520607,0.9574736593742218,,0.7008928571428571,0.383526982802,0.585807457935
407,A,M,427,0.5593909145352738,-0.2967099715970392,1.0,2.3394079921632938,,0.4642857142857143,0.614921130606,0.733917063925
408,A,N,428,0.08400216869313029,-1.5961428375175508,1.0,1.0289975174175172,H,0.4461538461538462,0.5526765742549999,0.768756360686
409,A,R,429,9.555848176237971e-17,-11.58593767258544,1.0,0.09728205519133563,H,0.8175182481751825,0.536346841298,0.8339762352779999
410,A,E,430,5.1149560777373416e-17,9.473456799644314,0.002084661760504591,0.7000157593854901,H,0.23318385650224216,0.755041551545,0.970986629827
411,A,R,431,9.555848176237971e-17,4.862229154929338,0.027450846206731883,0.3252603341949843,H,0.12408759124087593,0.6981071131029999,0.946251856172
412,A,K,432,9.555848176237971e-17,4.244531302650891,0.039376937385144584,0.2662295584156834,H,0.3855932203389831,0.700221705499,0.949580476361
413,A,A,433,9.555848176237971e-17,-4.269561721051858,1.0,0.1997112767186494,H,0.18604651162790695,0.9425315296700001,1.0826054984
414,A,A,434,1.843763237323921e-16,2.449917478821064,0.1175310468288988,0.698685241486095,H,0.06976744186046513,0.8991789589020001,1.10242695346
415,A,K,435,9.555848176237971e-17,-1.538795129983036,1.0,0.0864983719581662,H,0.4110169491525424,0.775726635549,1.01085174084
416,A,Q,436,5.840566125974614e-16,1.805654310891079,0.1790304166978595,0.2904624897924128,H,0.013333333333333334,1.06328030848,1.15001100441
417,A,L,437,5.840566125974614e-16,5.7240451742977845,0.016734133645627258,0.6026852376640778,H,0.0,1.13368747107,1.2074369744
418,A,G,438,4.004733053112191e-17,12.031667927502939,0.0005230425144782114,0.7208894119454167,H,0.1346153846153846,0.995384133414,1.1060081878799999
419,A,F,439,0.3215031904799721,-1.087189868596859,1.0,1.7007793583730049,H,0.2958333333333333,0.8827315261299999,1.09306740398
420,A,I,440,9.555848176237971e-17,3.312316436058982,0.06876250104282232,0.7381412200967219,H,0.0,1.18893934565,1.23361399001
421,A,M,441,0.0,0.0,1.0,0.0,H,0.049107142857142856,1.08992399601,1.20014351596
422,A,A,442,9.555848176237971e-17,-7.05482938187908,1.0,0.100984456649845,H,0.4418604651162791,0.875369602739,1.05825460238
423,A,A,443,4.004733053112191e-17,5.518938481956774,0.01881167050000143,0.4738030084148793,H,0.09302325581395347,1.09827889332,1.15266246575
424,A,F,444,0.0,0.0,1.0,0.0,H,0.016666666666666666,1.23081319359,1.2476576907299999
425,A,I,445,3.17603086687411e-16,2.023644372384268,0.154867068404733,0.1767515645035102,H,0.16751269035532995,0.9677811413580001,1.11449351225
426,A,L,446,0.2267607292762402,-4.286700344199319,1.0,1.180352279259714,H,0.6368159203980099,0.7880627677490001,1.00722768385
427,A,C,447,0.0,0.0,1.0,0.0,H,0.02994011976047904,1.1106558033299998,1.18210410681
428,A,W,448,0.0,0.0,1.0,0.0,H,0.07017543859649122,1.21445808555,1.21031887491
429,A,I,449,0.09362610298808542,5.822837373558393,0.0158194057568124,1.175466287560093,H,0.3451776649746193,0.846731071099,1.06513258175
430,A,P,450,9.555848176237971e-17,8.3003721719206,0.003963695490371344,0.5809605638515849,H,0.2327044025157233,0.8668820463600001,0.9817405037829999
431,A,Y,451,4.004733053112191e-17,4.7906028778629235,0.028615409135208988,0.3868678670396746,H,0.08745247148288972,1.05235976025,1.12832795453
432,A,F,452,6.740639792367022e-18,2.9440774143442052,0.08619290425491266,0.2494415809499179,H,0.13333333333333333,1.07504508597,1.09384234861
433,A,I,453,0.1563911042611976,-0.2169636586714887,1.0,0.7045588542212468,H,0.4060913705583756,0.715274987569,0.948174582904
434,A,F,454,6.740639792367022e-18,2.688349301660647,0.1010844839473292,0.2102115214844418,H,0.09583333333333334,0.843096458405,0.9847495960989999
435,A,F,455,4.004733053112191e-17,1.6724427170458651,0.1959316719350415,0.1068419199451439,H,0.1125,0.9623126664560001,1.02425740767
436,A,M,456,0.0,0.0,1.0,0.0,H,0.5535714285714286,0.6476507659049999,0.8899273437
437,A,V,457,9.555848176237971e-17,-0.4817646698408566,1.0,0.1084013471812721,H,0.3505747126436782,0.690991998714,0.838393488567
438,A,I,458,0.09286466911899967,0.9311033461501096,0.3345763853614458,0.6506646883645931,H,0.2284263959390863,0.810116871239,0.904429375696
439,A,A,459,4.004733053112191e-17,2.748133431008419,0.09736803660132576,0.2649192762485252,H,0.24031007751937986,0.710996660488,0.84793131902
440,A,F,460,0.104455065076388,-3.609447716540487,1.0,0.484254857330791,H,0.8416666666666667,0.414464297235,0.668910341202
441,A,C,461,9.555848176237971e-17,6.191652153449078,0.01283543015263144,0.3475371435321884,H,0.38323353293413176,0.644123592496,0.6852843875139999
442,A,K,462,0.684183933937885,0.019696496966844283,0.8883880363188772,2.908936632568447,S,0.3516949152542373,0.509832508304,0.682047376233
443,A,N,463,0.4871914411361082,0.1006324924913571,0.7510719345936938,2.68666351235361,,0.4256410256410256,0.6509531252130001,0.739440899746
444,A,C,464,3.17603086687411e-16,12.05547736024818,0.0005164042290994875,0.692511569605095,,0.4550898203592814,0.6394391407710001,0.665631541121
445,A,C,465,0.1772860082455425,1.5571349611074943,0.2120852106572683,1.256339259604927,S,0.4251497005988024,0.609839420343,0.683242198853
446,A,N,466,0.1778403721842157,-0.6592218814599988,1.0,1.0919117543968448,,0.5794871794871795,0.530249466255,0.701338261655
447,A,E,467,0.1854142178692673,2.4457150040746,0.1178461765855674,1.384174910555408,T,0.2869955156950673,0.766761899983,0.8358568058689999
448,A,H,468,1.070581268190604,-1.104980209140663,1.0,4.864796244394896,T,0.6607142857142857,0.559790123192,0.764187037415
449,A,L,469,0.2044210749378629,4.414774231035032,0.03562899316849166,2.2286766757870944,T,0.27860696517412936,0.700502124867,0.8448442087279999
450,A,H,470,9.555848176237971e-17,4.1445946813230625,0.04176765353506351,0.6493174509735247,H,0.125,0.9231505622730001,0.9878614798659999
451,A,M,471,0.0,0.0,1.0,0.0,H,0.20089285714285715,0.8597090657940001,1.0012228831799999
452,A,F,472,9.555848176237971e-17,1.5885984089009282,0.2075264964830146,0.1017533062872084,H,0.44583333333333336,0.745008523019,1.00505204474
453,A,T,473,0.0,0.0,1.0,0.0,H,0.11627906976744184,0.921122973046,1.10965210403
454,A,I,474,0.09738843001778666,-2.414815442427454,1.0,0.4813550964639792,H,0.12690355329949238,1.03921937595,1.1562847610200002
455,A,W,475,0.0,0.0,1.0,0.0,H,0.003508771929824561,1.05634281927,1.16112582739
456,A,L,476,9.555848176237971e-17,2.573033033153109,0.10869914124902802,0.3232094508436672,H,0.22388059701492535,0.9242462064650001,1.15947515308
457,A,G,477,5.1149560777373416e-17,3.833345798820076,0.05024254550405116,0.2069738128833916,H,0.02884615384615385,1.19233880274,1.2875303353
458,A,Y,478,3.17603086687411e-16,-5.913438244992284,1.0,0.1668353675161141,H,0.026615969581749048,1.18541077645,1.27993540817
459,A,I,479,0.09637856382875737,0.7501858353306474,0.38641740063650104,1.2280950477476742,H,0.20812182741116755,0.972782670367,1.2004105277200001
460,A,N,480,4.004733053112191e-17,3.6842490737192013,0.054928700454130015,0.2103458154006741,H,0.005128205128205128,1.27352753483,1.2946013204
461,A,S,481,5.1149560777373416e-17,2.319135573628373,0.1277910243134402,0.1982195846421961,H,0.0064516129032258064,1.33489441625,1.34927896407
462,A,T,482,3.17603086687411e-16,-23.649093944033236,1.0,0.09598911687570573,H,0.0872093023255814,1.09842218913,1.23026340257
463,A,L,483,9.555848176237971e-17,-2.830889896094867,1.0,0.9903438888691518,H,0.3283582089552239,0.958215238363,1.1591868019
464,A,N,484,3.17603086687411e-16,-0.6994062175036788,1.0,0.1015395050134023,H,0.0,1.2684100007799999,1.2569390814799999
465,A,P,485,5.1149560777373416e-17,4.334605605636849,0.0373450669039298,0.3036166016466125,H,0.006289308176100629,1.14990406082,1.20705827752
466,A,L,486,5.1149560777373416e-17,2.192536508832507,0.1386807710252916,0.1933703529902914,H,0.4875621890547264,0.820784475188,1.0420641499299999
467,A,I,487,3.17603086687411e-16,-0.8478320196494664,1.0,0.10343299161821799,H,0.05583756345177665,1.04014943761,1.1069962446200001
468,A,Y,488,3.17603086687411e-16,3.4660322753442765,0.06264139696990456,0.3092065368959639,H,0.0,1.17867499578,1.1430101909000001
469,A,P,489,9.555848176237971e-17,7.474009789919782,0.006259598273689715,0.4963073250116155,H,0.1761006289308176,0.885320614739,1.0606385221799999
470,A,L,490,5.840566125974614e-16,4.409917438067482,0.035730570390643764,0.6245240737410265,H,0.5124378109452736,0.741764741582,0.8904738813799999
471,A,C,491,0.0,0.0,1.0,0.0,H,0.02395209580838324,0.9505247458670001,0.974050672506
472,A,N,492,6.740639792367022e-18,10.19424798943717,0.001408794003101788,0.8211041133921617,,0.21025641025641026,0.9275144740979999,1.01673582207
473,A,E,493,4.004733053112191e-17,3.491301497400325,0.06169206552777062,0.3545100866147719,H,0.4663677130044843,0.609658757619,0.848397236565
474,A,N,494,5.1149560777373416e-17,0.8750969008055876,0.3495481248725363,0.09600603307223292,H,0.3384615384615385,0.7409014022660001,0.8801043863019999
475,A,F,495,1.843763237323921e-16,3.073521157025915,0.07957693662274101,0.1989226685491602,H,0.0,1.05205255094,1.05002511119
476,A,K,496,0.1825431881286288,-0.3171694610114173,1.0,0.9152765070530686,H,0.3432203389830508,0.630262120942,0.95435246995
477,A,K,497,4.004733053112191e-17,4.77282450060838,0.02891235458854025,0.3162152613532514,H,0.690677966101695,0.519157692034,0.8137603396449999
478,A,T,498,0.1857815690718922,-13.981444970345681,1.0,0.909962077427318,H,0.10465116279069768,0.8240480703090001,0.90595171949
479,A,F,499,0.0,0.0,1.0,0.0,H,0.0875,0.943610409997,0.933795434942
480,A,K,500,5.1149560777373416e-17,9.547995139450368,0.002001679302157444,0.9186843347576744,H,0.5042372881355932,0.542305243596,0.779017609129
481,A,R,501,0.3929582684364237,-5.662863220468067,1.0,1.803441605541535,H,0.22262773722627735,0.550103792216,0.727030049894
482,A,I,502,0.19572611031184603,1.8030090489934592,0.1793491408722583,1.613010210509135,H,0.350253807106599,0.666841065029,0.770404423591
483,A,L,503,0.1514543565561257,-0.6797276283415918,1.0,1.046010112321061,H,0.6467661691542289,0.581585032553,0.692444217908
484,A,H,504,0.2729376444732903,-6.3788873151213386,1.0,1.2552493879340472,T,0.7053571428571429,0.42414295148599995,0.564024739089
485,A,I,505,6.740639792367022e-18,9.061793786610462,0.002610057972528446,0.7442231381214771,,0.9543147208121828,0.37057813624700003,0.526947938666
